engine,mean_ms,median_ms,p95_ms,p99_ms
mysql,80.0482526421547,79.50147986412048,86.92570552229881,88.3447776734829
shannonbase,122.91370779275894,123.6300878226757,128.93636897206306,129.83868196606636
