engine,mean_ms,median_ms,p95_ms,p99_ms
mysql,12.808891385793686,12.766540050506592,12.901987880468369,12.906371802091599
shannonbase,44.07357946038246,44.06966641545296,44.75879520177841,44.81007128953934
