engine,mean_ms,median_ms,p95_ms,p99_ms
mysql,40.580134093761444,40.20172357559204,41.90804213285446,42.00929135084152
shannonbase,0.42542964220046997,0.42314082384109497,0.4389919340610504,0.44117048382759094
