engine,mean_ms,median_ms,p95_ms,p99_ms
mysql,117.1414501965046,117.25080385804176,119.93596479296684,120.36907479166985
shannonbase,185.63191071152687,184.20438840985298,190.39583951234818,190.46845883131027
