engine,mean_ms,median_ms,p95_ms,p99_ms
mysql,4208.81487056613,4209.750037640333,4210.988916456699,4211.023382842541
shannonbase,5506.999348104,5509.610734879971,5513.866966962814,5514.484916329384
