engine,mean_ms,median_ms,p95_ms,p99_ms
mysql,124.4400754570961,121.89992889761925,130.75092658400536,131.40084192156792
shannonbase,175.9547509253025,174.82033371925354,181.79838359355927,182.418355345726
