engine,mean_ms,median_ms,p95_ms,p99_ms
mysql,818.9928457140923,819.5864483714104,819.8298916220665,819.8472252488136
shannonbase,3410.1510114967823,3426.5622198581696,3437.5706419348717,3438.4547433257103
