engine,mean_ms,median_ms,p95_ms,p99_ms
mysql,61.314790695905685,60.210589319467545,64.92121294140816,65.63098087906837
shannonbase,3331.6174373030663,3330.787591636181,3353.9431370794773,3356.9821502268314
