engine,mean_ms,median_ms,p95_ms,p99_ms
mysql,449.6715471148491,449.5817646384239,450.6336644291878,450.6679633259773
shannonbase,22911.171410232782,22910.08624434471,22963.30854073167,22970.408784896135
