engine,mean_ms,median_ms,p95_ms,p99_ms
mysql,32.051798701286316,32.07840397953987,32.199977338314056,32.20398098230362
shannonbase,42353.22188735008,41749.697890132666,44530.07524460554,44956.266997754574
