engine,mean_ms,median_ms,p95_ms,p99_ms
mysql,516.924337297678,516.4632871747017,518.6602428555489,519.0265646576881
