engine,mean_ms,median_ms,p95_ms,p99_ms
mysql,554.9388885498047,553.4187741577625,558.7417319417,559.1404911875725
