engine,mean_ms,median_ms,p95_ms,p99_ms
mysql,581.5477907657623,581.2259130179882,582.6567821204662,582.7092669904232
