engine,mean_ms,median_ms,p95_ms,p99_ms
mysql,114.46492373943329,114.36527594923973,116.80566146969795,116.99197068810463
shannonbase,165.72856456041336,164.51651975512505,169.04569119215012,169.39037829637527
