engine,mean_ms,median_ms,p95_ms,p99_ms
mysql,405.57038113474846,402.82777696847916,410.7223980128765,411.10476717352867
shannonbase,1681.4626932144165,1675.0803142786026,1708.8895976543427,1714.630274772644
