engine,mean_ms,median_ms,p95_ms,p99_ms
mysql,75.4605419933796,74.29783418774605,82.50411599874496,83.12999159097672
shannonbase,117.98609644174576,117.55961552262306,121.64793759584427,122.32695490121841
