engine,mean_ms,median_ms,p95_ms,p99_ms
mysql,450.56011751294136,451.0653726756573,457.7320948243141,458.79234939813614
shannonbase,2655.9705920517445,2653.166327625513,2673.730742931366,2677.498000264168
