engine,mean_ms,median_ms,p95_ms,p99_ms
mysql,40.44228419661522,40.39249196648598,40.64197838306427,40.665364265441895
shannonbase,0.3700762987136841,0.3691837191581726,0.37636980414390564,0.37699565291404724
