engine,mean_ms,median_ms,p95_ms,p99_ms
mysql,14978.970903158188,14122.744414955378,17555.50497546792,18210.299804359674
shannonbase,17646.574518084526,17677.76743322611,17690.058501809835,17691.22378870845
