engine,mean_ms,median_ms,p95_ms,p99_ms
mysql,853.2382890582085,852.9451042413712,854.9664549529552,855.1912234723568
