engine,mean_ms,median_ms,p95_ms,p99_ms
mysql,411.82602420449257,412.5807285308838,413.3726269006729,413.46409142017365
shannonbase,356.46024867892265,355.7674214243889,360.8840346336365,361.34677708148956
