engine,mean_ms,median_ms,p95_ms,p99_ms
mysql,70.64064666628838,69.62817162275314,75.58259442448616,76.38285174965858
shannonbase,39949.01306703687,38787.77442499995,43403.51996272802,44237.53056615591
