engine,mean_ms,median_ms,p95_ms,p99_ms
mysql,13.216786086559296,13.183444738388062,13.316825777292252,13.331213742494583
shannonbase,61.641326546669006,58.16737934947014,73.92966374754906,77.02756747603416
