engine,mean_ms,median_ms,p95_ms,p99_ms
mysql,5.890453606843948,6.026614457368851,6.06604740023613,6.072588413953781
shannonbase,27938.480612635612,27345.411870628595,29721.06729671359,29903.669500797987
