engine,mean_ms,median_ms,p95_ms,p99_ms
mysql,29.26885038614273,28.79466488957405,32.399553805589676,32.69692733883858
shannonbase,0.4812367260456085,0.4834495484828949,0.49498602747917175,0.49672409892082214
