engine,mean_ms,median_ms,p95_ms,p99_ms
mysql,363.7083485722542,363.6850416660309,364.32117372751236,364.40466672182083
shannonbase,6679.829398542643,6674.998205155134,6710.802351683378,6717.317585200071
