engine,mean_ms,median_ms,p95_ms,p99_ms
mysql,506.76007494330406,536.5498661994934,537.4352723360062,537.5524806976318
shannonbase,1524.3081085383892,1476.5873365104198,1677.1420747041702,1707.2280180454254
