engine,mean_ms,median_ms,p95_ms,p99_ms
mysql,348.4009958803654,348.41447696089745,349.16234761476517,349.2093965411186
shannonbase,1622.7600820362568,1614.1476780176163,1658.3263531327248,1659.1115167737007
