engine,mean_ms,median_ms,p95_ms,p99_ms
mysql,404.47415485978127,393.44310387969017,424.9905698001385,426.47492691874504
shannonbase,0.7022298872470856,0.6109587848186493,0.8897408843040466,0.8927777409553528
