engine,mean_ms,median_ms,p95_ms,p99_ms
mysql,1317.774359881878,1316.9734440743923,1325.1682952046394,1326.681789457798
shannonbase,1778.4081064164639,1766.934759914875,1807.196619361639,1812.3561207950115
