engine,mean_ms,median_ms,p95_ms,p99_ms
mysql,13.236682116985321,13.282600790262222,13.430486619472504,13.44489961862564
shannonbase,51.88539773225784,57.450536638498306,57.979296147823334,57.99068719148636
