engine,mean_ms,median_ms,p95_ms,p99_ms
mysql,5613.792537897825,5623.338580131531,5635.584515333176,5637.716537117958
shannonbase,9494.78792026639,9505.828108638525,9527.497158199549,9531.677919775248
