engine,mean_ms,median_ms,p95_ms,p99_ms
mysql,423.75061586499214,423.38817939162254,427.08474546670914,427.75080531835556
shannonbase,1486.6572491824627,1484.6547916531563,1497.2090855240822,1497.482308447361
