engine,mean_ms,median_ms,p95_ms,p99_ms
mysql,447.5090727210045,447.22336530685425,449.1394102573395,449.4999158382416
shannonbase,53384.24806967378,53127.545304596424,55038.02972212434,55394.45845916867
