engine,mean_ms,median_ms,p95_ms,p99_ms
mysql,17.11360663175583,17.10348203778267,17.18648076057434,17.199394702911377
shannonbase,83.90338197350502,83.70091021060944,85.36917716264725,85.39404422044754
