engine,mean_ms,median_ms,p95_ms,p99_ms
mysql,384.04161110520363,382.6572224497795,387.9944957792759,388.5171826183796
shannonbase,3812.474325299263,3803.3048138022423,3889.739340543747,3891.0208892822266
