engine,mean_ms,median_ms,p95_ms,p99_ms
mysql,364.701234549284,364.8456670343876,364.91534635424614,364.92873534560204
shannonbase,4371.57523855567,4365.626692771912,4404.721051454544,4408.353635668755
