engine,mean_ms,median_ms,p95_ms,p99_ms
mysql,5.004681646823883,4.955437034368515,5.668433755636215,5.803913325071335
shannonbase,28402.047754079103,28404.80598807335,28692.878993600607,28719.778466671705
