engine,mean_ms,median_ms,p95_ms,p99_ms
mysql,384.3106798827648,384.63714718818665,384.6674405038357,384.67346116900444
shannonbase,2846.8929827213287,2850.041665136814,2860.519503802061,2861.0444854199886
