engine,mean_ms,median_ms,p95_ms,p99_ms
mysql,40.437570959329605,40.52836075425148,41.18950664997101,41.27574861049652
shannonbase,0.5321435630321503,0.5299709737300873,0.5425132811069489,0.5433334410190582
