engine,mean_ms,median_ms,p95_ms,p99_ms
mysql,703.2254211604595,702.050294727087,709.6569702029228,710.2636727690697
