engine,mean_ms,median_ms,p95_ms,p99_ms
mysql,452.33348980546,452.13620737195015,455.8898091316223,455.9022134542465
shannonbase,3912.8928020596504,3954.9230001866817,3973.3508810400963,3976.5981671214104
