engine,mean_ms,median_ms,p95_ms,p99_ms
mysql,1896.2485365569592,1707.6182588934898,2393.5427263379097,2502.4169066548347
shannonbase,4650.149655342102,4675.918143242598,4697.567061334848,4700.6843419373035
