engine,mean_ms,median_ms,p95_ms,p99_ms
mysql,466.05321019887924,466.07881411910057,467.2164149582386,467.37853541970253
shannonbase,23376.1002920568,23180.576026439667,23797.602781653404,23861.286677718163
