engine,mean_ms,median_ms,p95_ms,p99_ms
mysql,718.7796100974083,719.7827361524105,721.8528129160404,722.2089894115925
shannonbase,1921.6946594417095,1918.3796234428883,1941.31079018116,1944.4300645589828
