engine,mean_ms,median_ms,p95_ms,p99_ms
mysql,423.7150236964226,421.31073772907257,428.05797904729843,428.108032643795
shannonbase,2867.3240467906,2864.4444309175014,2924.143785238266,2926.45813703537
