engine,mean_ms,median_ms,p95_ms,p99_ms
mysql,1301.0179072618484,1317.720178514719,1330.893124639988,1332.558008134365
shannonbase,3082.641452550888,3034.6966460347176,3238.342323154211,3271.292214244604
