engine,mean_ms,median_ms,p95_ms,p99_ms
mysql,568.0452860891819,568.2264938950539,568.6622507870197,568.7380631268024
