engine,mean_ms,median_ms,p95_ms,p99_ms
mysql,407.15378671884537,407.1366749703884,407.86666199564934,407.95349583029747
shannonbase,1474.5406471192837,1481.5367199480534,1485.4549579322338,1486.0594533383846
