engine,mean_ms,median_ms,p95_ms,p99_ms
mysql,665.766903012991,663.1876602768898,671.0741877555847,671.5797257423401
shannonbase,1846.4178629219532,1853.557549417019,1884.036809206009,1887.6672148704529
