engine,mean_ms,median_ms,p95_ms,p99_ms
mysql,559.7224444150925,559.5288388431072,560.8554318547249,561.0860255360603
