engine,mean_ms,median_ms,p95_ms,p99_ms
mysql,6323.980575054884,6310.940980911255,6357.080232352018,6362.928145378828
shannonbase,10050.577121973038,10041.944455355406,10128.005677461624,10142.93086707592
