engine,mean_ms,median_ms,p95_ms,p99_ms
mysql,383.44796746969223,383.9009776711464,384.05384197831154,384.0828360617161
shannonbase,2650.517448037863,2651.6825892031193,2654.1749492287636,2654.378523528576
