engine,mean_ms,median_ms,p95_ms,p99_ms
mysql,85.69805473089218,84.24537628889084,88.87283056974411,89.10955399274826
shannonbase,133.01923498511314,132.25800916552544,137.51485496759415,138.4662440419197
