engine,mean_ms,median_ms,p95_ms,p99_ms
mysql,122.20840826630592,121.57589197158813,126.4680564403534,127.35138416290283
shannonbase,172.78921902179718,173.17776381969452,180.1135614514351,181.2724992632866
