engine,mean_ms,median_ms,p95_ms,p99_ms
mysql,422.25744277238846,421.71698436141014,423.77108186483383,423.93718630075455
shannonbase,3558.584036678076,3511.569421738386,3712.201237678528,3732.0774525403976
