engine,mean_ms,median_ms,p95_ms,p99_ms
mysql,368.11503916978836,367.41261556744576,370.4796336591244,370.9481041133404
shannonbase,4728.12879383564,4738.7954741716385,4787.94214501977,4793.241009861231
