engine,mean_ms,median_ms,p95_ms,p99_ms
mysql,577.0029097795486,577.1132409572601,577.5863751769066,577.6239946484566
