engine,mean_ms,median_ms,p95_ms,p99_ms
mysql,64.94687125086784,65.43666124343872,66.36863946914673,66.41936302185059
shannonbase,119.81674209237099,120.02697214484215,123.73543456196785,124.35595825314522
