engine,mean_ms,median_ms,p95_ms,p99_ms
mysql,367.81513169407845,368.00747364759445,368.7875524163246,368.79557579755783
shannonbase,0.8499458432197571,0.8492209017276764,0.864708423614502,0.8660662174224854
