engine,mean_ms,median_ms,p95_ms,p99_ms
mysql,15.946175903081894,15.936635434627533,16.070514172315598,16.078093498945236
shannonbase,83.34174752235413,83.75868573784828,84.29215550422668,84.36618685722351
