engine,mean_ms,median_ms,p95_ms,p99_ms
mysql,490.45548141002655,490.6788170337677,490.9980535507202,491.0535740852356
shannonbase,3146.6791346669197,3138.9572620391846,3170.7722768187523,3172.0066264271736
