engine,mean_ms,median_ms,p95_ms,p99_ms
mysql,550.0755496323109,551.8165491521358,555.3440161049366,555.374306589365
