engine,mean_ms,median_ms,p95_ms,p99_ms
mysql,964.1214460134506,964.3007628619671,965.4328167438507,965.6281697750092
