engine,mean_ms,median_ms,p95_ms,p99_ms
mysql,558.5270151495934,557.8468888998032,561.6150356829166,562.1115328371525
