engine,mean_ms,median_ms,p95_ms,p99_ms
mysql,585.3190399706364,585.8812555670738,586.4930488169193,586.6047538816929
