engine,mean_ms,median_ms,p95_ms,p99_ms
mysql,896.5658225119114,897.0118761062622,905.0001464784145,906.217410415411
shannonbase,1868.4954285621643,1893.032267689705,1905.2671752870083,1907.484682649374
