engine,mean_ms,median_ms,p95_ms,p99_ms
mysql,115.01337587833405,115.22017791867256,116.68182089924812,116.8077452480793
shannonbase,189.4195318222046,189.43144381046295,189.68830332159996,189.71496984362602
