engine,mean_ms,median_ms,p95_ms,p99_ms
mysql,15.006960183382034,15.017136931419373,15.0454580783844,15.049179196357727
shannonbase,86.62173748016357,86.6670086979866,87.62347027659416,87.78073951601982
